eta,Root0
-0.25,0.194425521
-0.50,0.298744423
-0.75,0.242880308
-0.100,0.264905708
-0.125,0.249743947
-0.150,0.229231881
-0.175,0.262711864
-0.200,0.243583105